6f3e7c,::1,GET,http://localhost/SorteoTGI.git/web/index_dev.php/perfil,1385666491,
db138e,::1,GET,http://localhost/SorteoTGI.git/web/index_dev.php/index,1385666495,
aaf9f2,::1,GET,http://localhost/SorteoTGI.git/web/index_dev.php/perfil,1385666514,
04aea5,::1,GET,http://localhost/SorteoTGI.git/web/index_dev.php/perfil,1385666652,
9a2bd5,::1,GET,http://localhost/SorteoTGI.git/web/index_dev.php/index,1385666657,
546921,::1,GET,http://localhost/SorteoTGI.git/web/index_dev.php/perfil,1385666662,
fe6983,::1,GET,http://localhost/SorteoTGI.git/web/index_dev.php/index,1385666665,
84e8c2,::1,GET,http://localhost/SorteoTGI.git/web/index_dev.php/perfil,1385666669,
020ea4,::1,GET,http://localhost/SorteoTGI.git/web/index_dev.php/index,1385666674,
da86e8,::1,GET,http://localhost/SorteoTGI.git/web/index_dev.php/perfil,1385666758,
d821fa,::1,GET,http://localhost/SorteoTGI.git/web/index_dev.php/index,1385666762,
eb1836,::1,GET,http://localhost/SorteoTGI.git/web/index_dev.php/perfil,1385666772,
dd7f92,::1,GET,http://localhost/SorteoTGI.git/web/index_dev.php/index,1385666779,
9fdcc7,::1,GET,http://localhost/SorteoTGI.git/web/index_dev.php/perfil,1385666790,
08e775,::1,GET,http://localhost/SorteoTGI.git/web/index_dev.php/index,1385666794,
a53e45,::1,GET,http://localhost/SorteoTGI.git/web/index_dev.php/perfil,1385666846,
4f0818,::1,GET,http://localhost/SorteoTGI.git/web/index_dev.php/index,1385666939,
0e2e37,::1,GET,http://localhost/SorteoTGI.git/web/index_dev.php/,1386866660,
b5ece0,::1,GET,http://localhost/SorteoTGI.git/web/index_dev.php/index,1386866662,
26a5fa,::1,GET,http://localhost/SorteoTGI.git/web/index_dev.php/_profiler/wdt/b5ece0,1386866664,
d1b112,::1,GET,http://localhost/SorteoTGI.git/web/index_dev.php/login,1386866666,
fdd2eb,::1,POST,http://localhost/SorteoTGI.git/web/index_dev.php/login_check,1386866674,
2b9512,::1,GET,http://localhost/SorteoTGI.git/web/index_dev.php/index,1386866683,
6f71ff,::1,GET,http://localhost/SorteoTGI.git/web/index_dev.php/descripcion,1386866688,
17d34e,::1,GET,http://localhost/SorteoTGI.git/web/index_dev.php/perfil,1386866696,
cd34d1,::1,GET,http://localhost/SorteoTGI.git/web/index_dev.php/index,1386866701,
6bdde7,::1,GET,http://localhost/SorteoTGI.git/web/index_dev.php/index,1386866705,
217d89,::1,GET,http://localhost/SorteoTGI.git/web/index_dev.php/index,1386866708,
d80830,::1,GET,http://localhost/SorteoTGI.git/web/index_dev.php/index,1386866711,
3844c3,::1,GET,http://localhost/SorteoTGI.git/web/index_dev.php/index,1386866714,
fddc4b,::1,GET,http://localhost/SorteoTGI.git/web/index_dev.php/index,1386866717,
