Delitth,male,Galeno,Padrón,C/ Cuevas de Ambrosio 2,23690,Jaén,Frailes
Wittleen,male,Crescencio,Irizarry,Avda. Rio Nalon 4,33430,Asturias,Carreño
Whour1982,male,Abaco,Samaniego,Pl. Virgen Blanca 42,08759,Barcelona,Vallirana
Thermed47,male,Johann,Zamora,Alcon Molina 24,31191,Navarre,Beriáin
Bobitives1950,female,Lesmes,Matos,Carretera Cádiz-Málaga 48,20570,Guipúzcoa,Bergara
Theromstaks1969,female,Heraclea,Cruz,Castelao 41,48891,Biscay,Lanestosa
Saidectered,female,Sintiques,Madera,Av. Zumalakarregi 22,03111,Alicante,Busot
Namonsiver,male,Ettiene,Chacón,Cádiz 14,18516,Granada,Lugros
Walonly,female,Janette,Guillén,Urzáiz 93,44540,Teruel,Albalate del Arzobispo
Nuals1931,male,Raidis,Nino,Alcon Molina 91,31010,Navarre,Barañain
Barathand,male,Selim,Noriega,Paseo del Atlántico 79,18131,Granada,Ventas de Huelma
Justakin,male,Domiciano,Irizarry,Alcon Molina 63,31194,Navarre,Ezcabarte
Theamed,male,Eudoxio,Solís,Ctra. de Siles 79,27320,Lugo,Quiroga
Bethed,female,Taffy,Ruelas,C/ Libertad 38,05430,Ávila,La Adrada
Lils1934,female,Piera,Medrano,Ctra. Beas-Cortijos Nuevos 66,26525,La Rioja,Igea
Hocush,male,Lazzaro,Gamboa,Salzillo 24,32616,Ourense,Vilardevós
Speroar,male,Román,Bernal,Plaza Maior 32,37191,Salamanca,Calvarrasa de Arriba
Hisist,female,Aminta,Malave,Maestro Puig Valera 63,33775,Asturias,Taramundi
Quould59,female,Silvina,Arreola,C/ Henan Cortes 2,29194,Málaga,Alfarnate
Bosethow,female,Zuleica,Rolón,Avda. Enrique Peinador 2,37187,Salamanca,Aldeatejada
Whispectilly1974,female,Agatha,Naranjo,Rua da Rapina 38,37465,Salamanca,La Sagrada
Sesee1980,female,Nurit,Gaitán,Outid de Arriba 82,43560,Tarragona,La Sénia
Hustend,male,Eudoxio,Saenz,Cercas Bajas 20,07800,Balearic Islands,Eivissa
Fincen,male,Wilton,Garay,Avda. Rio Nalon 23,33416,Asturias,Corvera de Asturias
Propeas,male,Nisim,Valencia,Calvo Sotelo 91,47195,Valladolid,Arroyo de la Encomienda
Arationlon,female,Altea,Almaraz,C/ Libertad 48,05440,Ávila,Piedralaves
Litheng56,female,Bertilda,Valencia,Carretera del Muelle 86,12415,Castellón,Matet
Shonswer,female,Loana,Pizarro,Ctra. Villena 55,33826,Asturias,Yernes y Tameza
Whalmoselity,male,Apolo,Carrasquill,Padre Caro 51,13591,Ciudad Real,Cabezarrubias del Puerto
Tradjecide,male,Cuyén,Cortés,Av. Zumalakarregi 25,03178,Alicante,Benijófar
Sagoonger,female,Honorata,Solorio,Fuente del Gallo 11,14960,Córdoba,Rute
Damendn,male,Alf,Fonseca,Plaza de España 2,15818,A Coruña,Boimorto
Naal1957,male,Mijail,Zamudio,C/ Angosto 78,23480,Jaén,Quesada
Godid1940,female,Anatilde,Escamilla,C/ Angosto 64,23528,Jaén,Lupión
Oust1932,male,Dalmacio,Gastelum,Zumalakarregi etorbidea 93,07109,Balearic Islands,Fornalutx
Muchis,female,Marta,Corona,Crta. Cádiz-Málaga 85,12200,Castellón,Onda
Nongthe,male,Godofredo,Sánchez,Zumalakarregi etorbidea 95,07300,Balearic Islands,Inca
Gayses,male,Selemías,Girón,C/ Libertad 93,05420,Ávila,Sotillo de la Adrada
Greasse,male,Erberto,Rubio,Ctra. Beas-Cortijos Nuevos 88,26533,La Rioja,Navajún
Abst1956,female,Kapriel,Tafoya,Rúa de San Pedro 26,37830,Salamanca,Coca de Alba
Forgy1974,female,Fabiola,Garica,Rua da Rapina 17,37487,Salamanca,La Bouza
Bult1981,male,Tarquino,Venegas,Avda. Los llanos 94,26241,La Rioja,Baños de Rioja
Poul1966,male,Loyola,Lugo,Socampo 81,37683,Salamanca,Molinillo
Hadlesiblang,male,Orson,Adomo,Plaza Maior 63,37219,Salamanca,Guadramiro
Thome1935,female,Ivett,Trejo,Reyes Católicos 51,10500,Cáceres,Valencia de Alcántara
Yesposiond,female,Kimberly,Jimínez,Pascual Yunquera 44,18699,Granada,Jete
Thentlas,male,Napoleón,Sepúlveda,Paseo Junquera 44,12440,Castellón,Caudiel
Whimmuz74,female,Louisa,Esquibel,Enxertos 60,37541,Salamanca,Casillas de Flores
Comead1978,male,Pascua,Mendoza,Calle Aduana 9,01000,Álava,Vitoria-Gasteiz
Esely1991,male,Nehuén,Arenas,Plaza Colón 43,24400,León,Ponferrada
Exievess,female,Athina,Almaraz,Ctra. Villena 92,34000,Palencia,Palencia
Dencest,female,Rosmira,Meraz,Maestro Puig Valera 92,33774,Asturias,San Tirso de Abres
Thervis,male,Arnoldo,Carrión,Bouciña 29,43750,Tarragona,Flix
Cappire,male,Segismundo,Casárez,San Andrés 16,37258,Salamanca,Vilvestre
Youghte,female,Amneris,Tijerina,Ctra. de Siles 93,27373,Lugo,Begonte
Pitore,male,Henrey,Girón,Constitución 27,37100,Salamanca,Ledesma
Evich1933,female,Lenora,Tamayo,C/ Rosa de los Vientos 20,11370,Cádiz,Los Barrios
Jace1959,male,Jerry,Feliciano,Avenida Cervantes 62,48289,Biscay,Guizaburuaga
Anneized,male,Algiso,Narváez,Cartagena 95,30440,Murcia,Moratalla
Whickeenet,female,Abbi,Tamez,C/ Libertad 56,05250,Ávila,El Hoyo de Pinares
Tentsman,male,Liam,Flores,Plazuela do Porto 42,38380,Santa Cruz de Tenerife,La Victoria de Acentejo
Mothough1976,female,Josephine,Hernádez,Av. Santiago Lapuente 72,50730,Zaragoza,El Burgo de Ebro
Sherting,female,Dinorah,Juárez,Comandante Izarduy 34,09100,Burgos,Melgar de Fernamental
Etwithe78,male,Leónidas,Ruvalcaba,Canónigo Valiño 5,46230,Valencia,Alginet
Replignigh80,female,Kamille,Padilla,C/ Angosto 96,23510,Jaén,Torreblascopedro
Romer1932,female,Valquiria,Orellana,Atamaria 33,36590,Pontevedra,Vila de Cruces
Gazile,male,Absalom,Velasco,Boriñaur enparantza 78,07749,Balearic Islands,Es Migjorn Gran
Hinnelaming,female,Rotrauda,Barela,Inglaterra 9,18658,Granada,El Valle
Thomene,female,Johanna,Ponce,Apartado de Correos 20,37450,Salamanca,Matilla de los Caños del Río
Thicaltat,female,Lana,Ojeda,Avda. Explanada Barnuevo 17,35530,Las Palmas,Teguise
Ungthe,male,Aldano,Carvajal,Socampo 15,37670,Salamanca,Santibáñez de la Sierra
Sichiple,female,Bertha,Padrón,Bellavista 47,49510,Zamora,Fonfría
Dausitherer,male,Johann,Mora,Boriñaur enparantza 59,07529,Balearic Islands,Ariany
Thertat36,male,Phillip,Rangel,Avda. de Andalucía 96,29350,Málaga,Arriate
Aped1994,female,Liana,Carmona,C/ Arana 88,02640,Albacete,Almansa
Compown,female,Lionela,Roque,Plaza Maior 21,37219,Salamanca,Encinasola de los Comendadores
Aftes1949,male,Numa,Garibay,Rua da Rapina 57,37468,Salamanca,Santa María de Sando
Wifecing,male,Melchior,Aragón,Rio Segura 54,31486,Navarre,Egüés
Amill1930,male,Ayrton,Ulloa,Eusebio Dávila 2,41530,Seville,Morón de la Frontera
Humorstoo,male,Nofre,Castaneda,Maestro Puig Valera 71,33590,Asturias,Ribadedeva
Comageat,male,Ari,Aparicio,Ctra. Bailén-Motril 2,23338,Jaén,Iznatoraf
Lecought,female,Eudoxia,Hernandes,Outid de Arriba 94,43424,Tarragona,Sarral
Poplits,male,Baldomero,Calderón,Calle Proc. San Sebastián 70,12530,Castellón,Burriana
Momaither,male,Danilo,Jurado,C/ Cuesta del  Álamo 8,29620,Málaga,Torremolinos
Fects1972,male,Archibaldo,Mateo,Canónigo Valiño 95,46650,Valencia,Canals
Evout1938,male,Balbo,Zapata,Rúa de San Pedro 74,37795,Salamanca,Montejo
Forway,male,Ulfrido,Palomo,Pl. Virgen Blanca 34,08757,Barcelona,Corbera de Llobregat
Witepheres1968,female,Leocadia,Santiago,Bouciña 74,43820,Tarragona,Calafell
Pecamed,female,Arlen,Nazario,Reyes Católicos 35,11130,Cádiz,Chiclana de la Frontera
Beforged,male,Thiago,Roque,Ventanilla de Beas 11,28110,Madrid,Algete
Witers,female,Lilibet,Aranda,Alvaro Cunqueiro 1,41110,Seville,Bollullos de la Mitación
Anal1954,male,Pío,López,Plaza Colón 72,26123,La Rioja,Villanueva de Cameros
Gueagen76,female,Zaira,Vergara,Prolongacion San Sebastian 61,21290,Huelva,Jabugo
Conse1983,female,Dorotea,Romero,Alcon Molina 59,31195,Navarre,Berrioplano
Twoned,female,Dominique,Bañuelos,Extramuros 55,28511,Madrid,Valdilecha
Mosen1992,male,Gedeón,Arredondo,Comandante Izarduy 66,08760,Barcelona,Martorell
Sonin1933,female,Ona,Merino,Plaza de España 37,15637,A Coruña,Vilarmaior
Abnalsid,male,Lino,Montenegro,Plazuela do Porto 84,37881,Salamanca,Valdecarros
Beivat,male,Gelasio,Altamirano,Reyes Católicos 6,10100,Cáceres,Miajadas
Felly1988,female,Ilve,Jiménez,Prolongacion San Sebastian 35,21230,Huelva,Cortegana
